model,AIC,BIC,selected
Weibull,48186.1932384486,48235.472811693224,False
LogNormal,46954.579861514045,47003.85943475867,True
