feature,importance
cause_enc,0.7651935449036138
hour_cos,0.04936973798755785
hour_sin,0.03917692873036488
hotspot_z,0.03043898695372146
corridor_enc,0.02765820853846099
priority_enc,0.02497074014417264
junction_enc,0.021475283852928
hotspot_intensity,0.018495304269300145
closure_int,0.013617671450173948
is_weekend,0.009603593169706255
