component,explained_variance_ratio,cumulative_variance
PC1,0.5566506399437166,0.5566506399437166
PC2,0.2244344042736307,0.7810850442173473
PC3,0.18988750444658364,0.9709725486639309
PC4,0.029027451336069116,1.0
PC5,0.0,1.0
