alpha,baseline_cvar,baseline_var,expected_total_delay,scope
0.5,10816203.46826473,3744632.762701779,7108268.493020161,system
0.75,17061235.599560253,4462900.005008972,7108268.493020161,system
0.9,33787597.2707844,12499765.433876613,7108268.493020161,system
0.95,47632276.952611834,27822492.155157685,7108268.493020161,system
0.99,75109639.99072981,75109639.99072981,7108268.493020161,system
0.9,1766676.654669388,4542565.814534199,7108268.493020161,tier_critical
0.9,1589826.9606765402,2127758.790215396,7108268.493020161,tier_elevated
0.9,393706.5966624553,662880.9229911293,7108268.493020161,tier_emergency
0.9,444315.2004242707,475325.2045055021,7108268.493020161,tier_normal
