resource,base_budget,perturbed_budget,base_objective,perturbed_objective,marginal_value,interpretation
police,120,121,8646532.518883258,8608621.324700361,37911.19418289699,One extra police unit reduces objective by 37911.1942
barricades,100,101,8646532.518883258,8627258.056089278,19274.462793979794,One extra barricades unit reduces objective by 19274.4628
tow,15,16,8646532.518883258,8588548.720155835,57983.79872742295,One extra tow unit reduces objective by 57983.7987
qru,10,11,8646532.518883258,8582388.001140026,64144.51774323173,One extra qru unit reduces objective by 64144.5177
