alpha,cvar,var,expected_total_delay,worst_scenario_delay,best_scenario_delay,service_tier
0.5,2939761.2159795333,1719521.0796589334,2263824.029696031,10887808.318884106,1393343.6491397417,
0.75,3959769.7307625893,2084187.6421318706,2263824.029696031,10887808.318884106,1393343.6491397417,
0.9,6745470.491103694,3739111.8899296825,2263824.029696031,10887808.318884106,1393343.6491397417,
0.95,8543115.780662818,6630780.6275087055,2263824.029696031,10887808.318884106,1393343.6491397417,
0.99,10887808.318884106,10887808.318884106,2263824.029696031,10887808.318884106,1393343.6491397417,
0.9,10636605.328958223,6556133.858890173,2960245.5417145337,21723915.10001889,1420120.5703733135,normal
0.9,14916897.285329804,1708002.4914890775,2249014.4482331765,65597295.87037926,547241.5844290209,elevated
0.9,9822697.810381178,2672414.693995677,1519474.2389369244,27696075.222518355,297388.5084953701,critical
0.9,1437698.7558861072,662189.2558100453,379534.264135527,2021050.8581311074,107248.00164134163,emergency
