lambda_cvar,lambda_cost,cvar_90,expected_delay,deployment_cost,objective
0.5,2.0,6929193.924808557,2252110.1320500644,240.0,3465076.9624042786
1.0,2.0,6929193.924808557,2252110.1320500644,240.0,6929673.924808557
2.0,2.0,6929193.924808557,2252110.1320500644,240.0,13858867.849617114
2.0,1.0,6929193.924808557,2252110.1320500644,240.0,13858627.849617114
2.0,0.5,6929193.924808557,2252110.1320500644,240.0,13858507.849617114
5.0,0.5,6929193.924808557,2252110.1320500644,240.0,34646089.62404279
