alpha,baseline_cvar,baseline_var,baseline_expected_delay,baseline_worst_delay
0.5,10816203.46826473,3744632.762701779,7108268.493020161,75109639.99072981
0.75,17061235.599560253,4462900.005008972,7108268.493020161,75109639.99072981
0.9,33787597.2707844,12499765.433876613,7108268.493020161,75109639.99072981
0.95,47632276.952611834,27822492.155157685,7108268.493020161,75109639.99072981
0.99,75109639.99072981,75109639.99072981,7108268.493020161,75109639.99072981
