{
  "rho": 0.9502487562189055,
  "eta": 10.0,
  "n_planned": 191,
  "ig_scores": {
    "event_cause": 0.13619686704580178,
    "corridor": 0.034440865868993045,
    "closure_binary": 0.16694860452986707,
    "hour_of_day": 0.05409608232509208,
    "day_of_week": 0.06334102734783534,
    "duration_clean": 1.0,
    "priority_numeric": 0.05780033230433881,
    "month": 0.1675338774556029
  },
  "feature_weights": {
    "event_cause": 0.08323876072873562,
    "corridor": 0.025695348372255806,
    "closure_binary": 0.10062898725354806,
    "hour_of_day": 0.036810449323637806,
    "day_of_week": 0.04203850150242121,
    "duration_clean": 0.5717227744434092,
    "priority_numeric": 0.038905217018536734,
    "month": 0.10095996135745552
  }
}