alpha,cvar,var,expected_total_delay,worst_scenario_delay,best_scenario_delay,service_tier
0.5,2952070.0149992835,1684295.006777782,2252110.1320500644,10901574.79419122,1356956.0315857118,
0.75,4001245.916325648,2046032.0302398072,2252110.1320500644,10901574.79419122,1356956.0315857118,
0.9,6929193.924808556,4055272.1083304705,2252110.1320500644,10901574.79419122,1356956.0315857118,
0.95,8612742.587645844,6725618.200929941,2252110.1320500644,10901574.79419122,1356956.0315857118,
0.99,10901574.79419122,10901574.79419122,2252110.1320500644,10901574.79419122,1356956.0315857118,
0.9,33787597.27078441,12499765.433876617,7108268.493020161,75109639.99072987,2992684.250351755,critical
