alpha,cvar,var,expected_total_delay,worst_scenario_delay,best_scenario_delay,service_tier
0.5,5541800.642902192,1758454.5774583225,3567378.6432221443,41465602.9486581,1388876.913406724,
0.75,8896821.027476838,2066632.712428254,3567378.6432221443,41465602.9486581,1388876.913406724,
0.9,18055940.995759398,6181534.701191746,3567378.6432221443,41465602.9486581,1388876.913406724,
0.95,25785268.39104123,14528756.111655902,3567378.6432221443,41465602.9486581,1388876.913406724,
0.99,41465602.9486581,41465602.9486581,3567378.6432221443,41465602.9486581,1388876.913406724,
0.9,22114082.134874173,7452061.836220191,4135719.586481901,65746679.94164175,1583031.3080323096,normal
0.9,3271168.844448466,2186139.027747144,1098463.9751888223,5270753.170732689,591730.2079120942,elevated
0.9,9815340.753220227,2825908.8464859435,1437401.2422229603,27646395.756409064,212795.5813206808,critical
0.9,1415807.906829498,1019004.6422990027,436683.68912647746,1842331.233155387,125217.84161906627,emergency
