model,c_index,ibs,pct_improvement_vs_best_single
cox,0.550162283038362,,0.0
frailty,0.4475530209806087,,0.0
aft,0.5078504903627483,0.17885468148949868,0.0
rsf,0.6195758228843304,0.1975638272395572,0.0
stacked,0.5675736568545909,,-8.393188389381017
