feature,mean_loading,ci_lower,ci_upper
OBI,0.6108134714101559,0.5399123161137864,0.6591448943506082
Future Risk,0.6096462195958697,0.5350696755243246,0.6647678284609218
Persistence,0.39738954679312166,0.26606923981979236,0.5345306317179385
RMST,-0.29345578382016324,-0.4520838196237244,-0.1823471499498288
Cascade Risk,2.220446049250313e-18,-2.220446049250313e-16,2.220446049250313e-16
