scope,alpha,baseline_cvar,optimized_cvar,absolute_reduction,percentage_reduction
all_sites,0.9,33787597.2707844,18055940.995759398,15731656.275025003,46.56044686737141
normal,0.9,22114082.134874173,12595801.617513271,9518280.517360901,43.041716401832744
elevated,0.9,3271168.844448466,1258933.3489237705,2012235.4955246954,61.51426573225287
critical,0.9,9815340.753220227,5209332.218047544,4606008.535172682,46.92662894725828
emergency,0.9,1415807.906829498,389730.551217619,1026077.355611879,72.47292169102472
