event_cause,n_test,ibs,auc_60
pot_holes,111,0.07837802622608647,0.6471962616822431
road_conditions,37,0.12899144490098308,0.4571428571428572
water_logging,100,0.1334066756690894,
accident,75,0.15723296665949335,0.5099431818181818
tree_fall,55,0.17663765453697902,0.38095238095238093
construction,77,0.18673639867207134,
others,118,0.19568794754734897,0.5306122448979592
vehicle_breakdown,977,0.22671171414264027,0.569213469685584
