feature,importance
cause_enc,0.4000945840186497
corridor_enc,0.17171184518353938
junction_enc,0.0719047798410482
priority_enc,0.004101430897167092
closure_int,0.08458154942015
hour_sin,0.015359440196533675
hour_cos,0.12367906721743024
is_weekend,0.00993132195813986
hotspot_intensity,0.07083757078107114
hotspot_z,0.047798410486270634
